Amit,Wade,A,9867769281,2938,Mumbai|400001
Amit,Gupta,I,9055609887,2913,Chennai|600001
Amit,Singh,A,9989088865,2891,Bangalore|560001
Anil,Goyal,A,9862387765,400,Mumbai|400001
Anil,Sharma,I,9868248866,402,Mumbai|400001
Anita,Singh,A,9059949982,3772,Chennai|600001
Ankita,Dubey,A,9867742339,210,Mumbai|400001
Mahesh,Vijay,A,9982329987,234,Bangalore|560001
Huma,Parveen,A,9869722348,109,Mumbai|400001
Jayan,Mehra,A,9052160989,54,Chennai|600001
Jeevan,Mishra,A,9053244456,92,Chennai|600001
Meena ,Parsad,I,9869887723,404,Mumbai|400001
Julie,Pandey,A,9054988872,12,Chennai|600001
Mohit,Pandey,A,9862099987,43,Mumbai|400001
Ramesh,Shah,A,9869967654,220,Mumbai|400001
Kishn,Chandra,A,9054988211,93,Chennai|600001
Amrish,Singh,A,9862983445,332,Mumbai|400001
Ishan,Mishra,A,9988290223,338,Bangalore|560001 
Abhinav,Chandra,A,9863440992,324,Mumbai|400001
Mahendra,Vikram,I,9869222331,55,Mumbai|400001
Tarun,Singh,A,9055612330,647,Chennai|600001
Upendra,Sengal,A,9863542778,102,Mumbai|400001
Abhinav,Dwivedi,A,9052769987,227,Chennai|600001
Rohit,Purwar,A,9863529992,323,Mumbai|400001
Prashant,Maheshwari,A,9862109997,47,Mumbai|400001
Prashant,Asthana,A,9052444588,431,Chennai|600001
Piyush,Tripathi,I,9863099982,24,Mumbai|400001
Isha,Sharma,A,9865268888,19,Mumbai|400001
Disha,Saxena,A,9055619234,773,Chennai|600001
Indu,Kondal,A,9862098223,587,Mumbai|400001
Poonam,Bhagel,I,9052989992,922,Chennai|600001
Astha,Mishra,A,9057379088,433,Chennai|600001
Mayank,Goyal,A,9052454431,64,Chennai|600001
Jay,Prakash,A,9862983881,895,Mumbai|400001
Piyush,Khandelwal,A,9053098221,1993,Chennai|600001
Banshi,Lal,A,9869890223,720,Mumbai|400001
Chandra,Prakash,A,9868230991,830,Mumbai|400001
Hemant,Singh,I,9862980908,176,Mumbai|400001
Monica,Gupta,A,9868234443,128,Mumbai|400001
Ishwar,Pandey,A,9862938771,97,Mumbai|400001
Rahul,Roy,A,9054553221,322,Chennai|600001
Ajit,Gupta,A,9862990202,7,Mumbai|400001
Avinash,Tomar,A,9866220991,11,Mumbai|400001
Shardul,Kureel,A,9983092331,37,Bangalore|560001
Sneha,Singh,A,9863229001,85,Mumbai|400001
Richa,Dubey,A,9053111211,331,Chennai|600001
Sarnam,Singh,A,9869803229,482,Mumbai|400001
Alok,Singh,I,9865590223,3221,Mumbai|400001
Shivendra,Patel,A,9054098823,452,Chennai|600001
Raghu,Murthy,A,9982906776,557,Bangalore|560001
Shankar,Sridhar,A,9865778233,312,Mumbai|400001
